"Task Name","Description","Priority","Assignee","Feature","Type","Estimated Hours","Dependencies"
"Login Page UI","Create login form with email/password fields using shadcn/ui components","High","","Auth","Frontend",4,"Auth Store, API Client"
"Register Page UI","Create registration form with validation","High","","Auth","Frontend",4,"Auth Store, API Client"
"Forgot Password Flow","Implement forgot password + reset password pages","Medium","","Auth","Frontend",3,"Auth Store, API Client"
"Email Verification Page","Create email verification page","Medium","","Auth","Frontend",2,"Auth Store, API Client"
"Auth Guard Component","Create route protection HOC","High","","Auth","Frontend",2,"Auth Store, Router"
"Auth Service","Implement login/register/logout API calls","High","","Auth","Frontend",3,"API Client"
"Auth Schemas","Create Zod validation schemas for auth forms","High","","Auth","Frontend",2,""
"Courses List Page","Display all available courses with filters","High","","Courses","Frontend",6,"API Client, Course Store"
"Course Detail Page","Show course info, lessons, enrollment","High","","Courses","Frontend",6,"API Client, Course Store"
"Course Enrollment","Implement course enrollment flow","Medium","","Courses","Frontend",4,"API Client, Auth"
"Lesson Player","Video/content player for lessons","High","","Courses","Frontend",8,"API Client"
"Course Progress Tracking","Track and display user progress","Medium","","Courses","Frontend",4,"API Client, Course Store"
"Course Search & Filters","Search and filter courses","Medium","","Courses","Frontend",4,""
"Profile View Page","Display user profile information","Medium","","Profile","Frontend",4,"API Client"
"Profile Edit Page","Edit user profile with validation","Medium","","Profile","Frontend",4,"API Client, Profile Store"
"Achievements Display","Show user badges and achievements","Low","","Profile","Frontend",3,"API Client"
"Certificates Display","Display earned certificates","Low","","Profile","Frontend",3,"API Client"
"Dashboard Overview","Main dashboard with stats and widgets","High","","Dashboard","Frontend",6,"API Client, Multiple Stores"
"User Settings Page","Account settings and preferences","Medium","","Dashboard","Frontend",4,"API Client"
"Landing Page","Homepage with hero, features, CTA","High","","Website","Frontend",6,""
"About Page","About CyberLabs page","Low","","Website","Frontend",2,""
"Contact Page","Contact form","Low","","Website","Frontend",3,"API Client"
"Pricing Page","Pricing plans display","Medium","","Website","Frontend",3,""
"Header Component","Responsive header with navigation","High","","Shared","Frontend",4,"Theme Store, Auth Store"
"Footer Component","Site footer","Medium","","Shared","Frontend",2,""
"Sidebar Component","Dashboard sidebar navigation","High","","Shared","Frontend",4,"Router"
"Loading Spinner","Global loading component","High","","Shared","Frontend",1,""
"Error Boundary","Global error handling component","High","","Shared","Frontend",2,""
"Toast Notifications","Global toast system using Sonner","High","","Shared","Frontend",2,""
"Data Table Component","Reusable table with sorting/pagination","Medium","","Shared","Frontend",6,"shadcn/ui table"
"File Upload Component","File upload with preview","Medium","","Shared","Frontend",4,""
"Search Bar Component","Global search component","Medium","","Shared","Frontend",3,""
"Pagination Component","Reusable pagination","Medium","","Shared","Frontend",2,""
"Dark Mode Toggle","Theme switcher component","High","","Shared","Frontend",2,"Theme Store"
"Language Switcher","AR/EN language toggle","High","","Shared","Frontend",2,"i18n"
"useAuth Hook","Custom hook for auth operations","High","","Hooks","Frontend",2,"Auth Store"
"useTheme Hook","Custom hook for theme operations","Medium","","Hooks","Frontend",1,"Theme Store"
"useLanguage Hook","Custom hook for language switching","Medium","","Hooks","Frontend",1,"i18n"
"usePagination Hook","Custom hook for pagination logic","Low","","Hooks","Frontend",2,""
"useDebounce Hook","Debounce hook for search/input","Low","","Hooks","Frontend",1,""
"useLocalStorage Hook","LocalStorage hook with encryption","Medium","","Hooks","Frontend",2,"Storage Utils"
"E2E Tests Setup","Setup Playwright/Cypress","Low","","Testing","Frontend",4,""
"Unit Tests - Auth","Unit tests for auth components","Medium","","Testing","Frontend",6,"Auth Feature"
"Unit Tests - Shared","Unit tests for shared components","Low","","Testing","Frontend",8,""
"API Integration Tests","Test API client and interceptors","Medium","","Testing","Frontend",4,"API Client"
"Accessibility Audit","WCAG 2.1 AA compliance check","Low","","QA","Frontend",8,""
"Performance Optimization","Code splitting, lazy loading","Low","","Optimization","Frontend",6,""
"SEO Setup","Meta tags, sitemap, robots.txt","Low","","SEO","Frontend",3,""
"PWA Configuration","Service worker, manifest","Low","","PWA","Frontend",4,""
